icd_full,hadm_freq
9-4019,102362
10-E785,84568
10-I10,83773
9-2724,67288
10-Z87891,62803
10-K219,56155
9-53081,48624
9-25000,43076
10-F329,41876
10-I2510,41548
10-F419,38910
9-42731,37063
9-4280,36606
9-311,36349
9-41401,36077
10-N179,35884
10-Z20822,33113
9-V1582,31704
10-Z7901,30956
9-5849,29135
9-2449,28519
10-E039,27999
10-Z794,27640
10-E119,26266
9-3051,25878
9-2859,24392
10-F17210,24106
10-G4733,23933
9-40390,23831
9-V5861,22634
9-30000,22399
10-E669,22004
10-D649,21137
10-I4891,21022
10-J45909,20677
9-5990,20385
10-Z7902,19961
9-2720,19880
10-Y929,19830
9-49390,19702
9-V5867,19600
10-D62,19356
10-Z66,18899
10-E1122,18564
10-J449,18023
9-5859,17872
9-32723,17556
10-E871,17068
10-N390,16696
10-I129,16650
10-E872,15995
9-V4582,15501
10-I110,15423
10-N189,15379
10-I252,15275
9-412,15180
10-Z8673,15126
10-G8929,14786
10-Z955,14481
9-V5866,14476
9-496,14465
9-27800,14216
10-Z86718,13706
9-V4581,13422
10-I480,13399
10-J9601,13339
10-I130,12946
10-K5900,12860
9-2761,12821
10-N400,12758
9-41400,12141
10-G4700,12134
9-73300,11893
9-30500,11791
9-33829,11630
9-V1251,11558
10-M109,11531
10-Z951,11267
10-D696,11260
9-486,11171
9-2749,10918
10-I5032,10787
9-27651,10762
9-V270,10619
9-V1254,10597
9-V4986,10529
10-Y92230,10288
9-78650,10263
10-E1165,10248
9-2851,10188
10-D509,10045
9-60000,9783
10-Z515,9752
10-E876,9735
10-E875,9654
9-56400,9542
9-2762,9535
10-D72829,9435
10-J189,9415
9-5856,9384
10-Z86711,9378
9-3572,9364
10-Z23,9363
10-M810,9287
9-42789,9274
10-Z370,8921
9-2875,8887
9-V6284,8851
10-I959,8845
10-N183,8797
10-E860,8706
9-78659,8669
10-R45851,8638
10-Y838,8436
9-40391,8427
10-N186,8358
9-42832,8358
9-78791,8272
10-M1990,8264
10-Y92239,8251
10-I5033,8118
10-E43,7950
9-V103,7917
10-E7800,7899
10-Y92009,7862
10-E6601,7803
10-E8339,7800
10-Z20828,7773
10-A419,7770
9-71590,7726
9-E8497,7691
9-4168,7585
9-2767,7558
10-I5022,7507
9-2809,7402
9-5853,7321
10-F4310,7315
10-G92,7291
10-Z781,7255
10-Z992,7163
9-51881,7131
10-Z85828,7098
10-Z9181,7087
10-E861,7082
10-D631,7049
9-4439,7031
10-Z853,7028
10-R339,7027
9-2768,7003
9-25060,6996
9-42822,6967
9-34590,6907
10-F319,6870
10-Z8249,6790
9-34690,6782
10-R0902,6757
9-27801,6748
10-R197,6717
9-28860,6664
10-R000,6616
9-V4501,6597
10-E559,6595
9-78701,6547
10-T451X5A,6527
10-G40909,6522
10-D6959,6498
9-4241,6462
9-28521,6453
9-E8490,6431
10-E1140,6395
9-4240,6384
9-V4365,6330
10-F0390,6275
9-E8788,6129
10-I2720,6102
9-5715,6100
9-78820,6085
10-H409,6060
10-G43909,6000
9-V1581,5988
10-Z8546,5863
10-R079,5858
9-3004,5854
9-29680,5826
9-E8798,5811
10-E870,5789
9-V153,5759
9-V1046,5757
10-F05,5708
10-I5023,5685
10-R1310,5678
10-Z950,5657
10-K766,5638
9-07054,5631
9-79902,5630
10-Z006,5611
10-R6521,5599
9-7802,5588
10-Z9114,5578
10-I951,5567
9-E8889,5520
9-42833,5506
9-7245,5499
10-I739,5484
9-4254,5474
9-4589,5469
10-R112,5467
10-G629,5438
9-36201,5389
10-B9620,5389
9-3659,5349
10-E8342,5329
9-7242,5328
9-V8741,5263
9-99592,5257
10-I214,5253
9-5119,5251
9-07070,5251
9-7840,5240
10-Y848,5239
10-F10129,5233
9-78959,5228
10-Z6841,5198
9-78052,5189
9-V5865,5176
10-M549,5127
9-V4364,5084
10-I350,5072
10-J9811,5048
10-J690,5043
10-R740,5033
10-B1920,5031
9-E9331,4995
9-V4589,4967
9-V4511,4919
10-R0789,4904
9-E8859,4863
9-79092,4858
10-Z681,4842
10-R001,4834
10-Z9981,4812
10-E1151,4806
10-N170,4796
9-0389,4773
10-J90,4756
10-R55,4665
10-I471,4652
10-I120,4650
10-F1010,4620
9-30981,4615
10-I340,4611
9-6826,4596
9-56210,4589
10-N401,4546
9-V1083,4530
10-I255,4519
10-D638,4508
9-42823,4476
9-E8499,4456
10-E46,4447
9-73390,4420
9-27652,4416
10-F32A,4367
9-V1588,4365
9-5070,4357
9-7291,4351
10-Z590,4341
9-25040,4328
9-5712,4321
9-45829,4308
9-2760,4306
10-Z1159,4295
9-41071,4260
9-5770,4215
9-5180,4181
10-M545,4176
9-E8781,4159
10-G893,4151
10-C787,4132
10-D684,4131
9-64891,4092
10-R338,4077
9-E8782,4068
10-R509,4052
10-C7951,4027
10-W19XXXA,4018
9-V173,4009
10-E1142,3994
10-D61818,3985
10-U071,3978
9-78060,3977
9-V707,3942
10-R531,3931
9-2930,3926
9-78702,3921
9-42732,3897
9-7904,3894
10-I4892,3888
10-N1830,3872
9-7140,3863
10-Z720,3832
9-1985,3826
10-I509,3824
9-45981,3821
10-N184,3811
10-R110,3804
10-Z952,3800
9-99859,3792
10-Z7982,3779
10-R109,3775
10-Z923,3751
9-3569,3719
10-R42,3709
9-7907,3695
9-5723,3690
9-V4586,3687
9-7850,3681
10-Z7984,3680
9-28529,3669
10-M069,3664
9-4011,3658
10-E11319,3654
9-V1255,3639
10-Z9049,3637
10-Z9884,3637
9-7804,3619
10-R627,3615
10-I472,3613
10-Z5111,3608
10-D630,3608
9-V600,3597
10-Y832,3593
10-G9341,3593
9-49320,3586
10-R188,3577
9-00845,3577
9-78900,3559
10-B9689,3554
10-D689,3532
10-E8770,3531
10-T380X5A,3525
9-1977,3512
9-4580,3468
9-78079,3461
9-78097,3461
10-K760,3447
9-7295,3438
9-5533,3406
10-M797,3376
9-5771,3374
9-78552,3370
10-R791,3365
10-I8510,3352
9-1970,3341
9-5845,3337
9-V1005,3326
10-K7469,3305
10-Z9221,3295
9-29420,3294
9-V5869,3289
10-R51,3274
10-E440,3273
10-M8580,3265
9-78039,3260
9-70715,3232
9-78720,3221
10-I21A1,3217
10-Z8616,3203
10-K7031,3196
10-F909,3182
9-V08,3179
9-2639,3153
9-58381,3148
10-F17200,3148
10-Z915,3148
10-I132,3145
10-G936,3136
9-V667,3131
9-V4502,3123
10-J441,3117
10-K449,3116
9-78321,3116
9-V462,3112
9-29410,3099
9-5363,3098
9-70703,3089
9-66411,3086
10-E11649,3070
9-V433,3043
9-V5811,3040
10-K921,3038
10-X58XXXA,3034
10-K3184,3027
10-K7030,3021
10-Z8619,3007
9-5854,2988
9-34982,2978
10-R918,2967
9-04149,2964
9-78830,2953
9-99591,2953
10-R29810,2952
9-25050,2943
10-G20,2940
9-7823,2926
10-F0280,2909
9-4139,2907
10-I2699,2905
9-5601,2900
9-56409,2899
10-Z95810,2897
9-4271,2895
9-51889,2895
9-43310,2892
9-2948,2886
9-5718,2885
9-43889,2885
10-F1290,2881
9-V4572,2877
10-K7460,2876
10-R7881,2873
10-R7303,2862
10-D539,2844
10-R911,2839
9-4148,2836
9-5641,2835
9-49121,2833
10-Z3A39,2827
9-V4987,2814
10-R451,2800
9-V0481,2793
10-Z21,2790
10-K7581,2779
10-R569,2776
9-7812,2773
10-G9340,2772
10-K3189,2769
9-78609,2763
9-60001,2758
10-Z993,2749
10-Z85038,2749
9-E8780,2743
10-I447,2726
9-2689,2726
10-Z96653,2725
9-29181,2719
10-W1830XA,2718
9-4111,2712
10-R32,2707
10-O701,2706
9-3310,2701
10-F1120,2698
10-K831,2692
9-30390,2683
10-Z940,2674
9-3485,2669
10-Z6842,2665
10-E890,2654
10-Z87440,2643
10-I482,2643
10-Y831,2632
9-5762,2619
10-I272,2613
10-R7401,2612
9-2753,2610
10-O76,2606
9-30391,2606
9-53550,2596
9-E9342,2595
9-V0251,2595
10-R410,2595
10-K567,2594
9-V1272,2588
9-72989,2586
9-1983,2585
9-04111,2558
9-V420,2551
10-I25110,2551
9-25002,2530
10-E222,2523
10-B952,2511
9-3320,2510
10-I429,2480
9-25080,2478
10-R634,2474
10-T402X5A,2474
10-G2581,2472
9-78909,2449
9-71690,2448
10-R4701,2446
9-2800,2446
9-78009,2434
9-5789,2427
10-E780,2421
9-0414,2413
9-41519,2410
9-04104,2408
9-591,2399
9-78906,2398
9-2989,2395
9-V4579,2366
10-Y9289,2361
10-C786,2360
9-34830,2352
9-V454,2351
9-V1082,2351
10-R739,2350
9-2662,2347
9-30560,2347
9-E9320,2347
10-K7290,2344
10-K2270,2333
9-7820,2332
9-71536,2328
10-B961,2327
10-E1121,2325
9-20280,2325
10-F39,2324
10-F1021,2319
10-T45515A,2315
10-E11621,2310
10-Z96651,2306
10-F10239,2304
9-45621,2303
9-65961,2300
10-Z800,2296
10-R319,2286
9-5761,2284
10-O99824,2280
9-V160,2279
10-R471,2277
10-L03116,2267
10-C7931,2264
9-5559,2264
10-J439,2263
10-W010XXA,2259
9-7862,2256
10-I9581,2248
10-Z85820,2243
10-E538,2242
10-B9561,2234
9-V8801,2219
10-F209,2217
9-99812,2215
9-042,2214
10-Z85118,2209
10-R570,2205
10-I495,2200
10-R600,2182
9-99811,2175
10-I428,2172
10-R64,2164
10-K589,2163
10-L03115,2161
10-K7200,2159
10-Y92234,2155
10-G309,2153
10-Y92238,2146
10-K5909,2146
9-V1302,2144
10-J9621,2144
10-R578,2140
9-33394,2136
9-9971,2134
10-I714,2131
10-R9431,2130
10-R0600,2122
10-I442,2121
9-29690,2119
9-V1011,2113
9-4414,2110
9-3899,2104
9-V5863,2098
10-R05,2087
10-C61,2074
9-V1052,2072
10-Z6843,2067
10-Z96641,2062
10-Z981,2058
10-I952,2057
10-K529,2052
9-5589,2048
9-27669,2042
9-30501,2040
10-Z7289,2032
9-7837,2031
9-E8498,2022
9-E9289,2020
9-1120,2019
10-R5081,2018
9-29620,2014
10-Z8551,2006
9-4928,1994
9-33818,1988
9-2752,1986
9-78605,1983
10-K861,1980
10-I081,1978
9-30393,1977
10-E873,1976
9-99681,1965
9-5781,1960
9-53085,1960
10-R6520,1948
10-I878,1939
9-3970,1934
9-28800,1931
10-R7989,1927
9-2763,1919
10-I4510,1917
9-V8541,1916
9-78061,1909
10-Y830,1906
10-K2970,1905
9-31401,1903
10-Z85528,1899
9-79029,1896
10-Z96652,1894
10-R030,1894
9-28419,1887
9-43491,1886
9-431,1886
9-7210,1884
9-185,1882
10-I25119,1875
9-6930,1871
10-Z803,1867
10-B182,1865
9-5920,1863
9-V1051,1861
10-E8351,1859
9-65971,1856
9-66331,1855
9-72400,1852
10-M4802,1849
10-F411,1845
9-65421,1842
9-E8809,1839
10-Z87820,1838
9-64511,1835
9-3383,1830
10-B370,1821
10-R4182,1819
10-Z3A40,1818
9-25061,1818
9-6822,1817
9-5609,1816
9-28522,1807
10-O6981X0,1803
9-72210,1801
10-Z86010,1800
9-1550,1799
9-V422,1796
10-Z6832,1795
10-K5903,1794
9-515,1786
9-56211,1786
10-D500,1785
9-66401,1784
9-5569,1783
9-6961,1775
9-70714,1774
9-71941,1773
9-0413,1766
10-I671,1764
10-J9691,1762
10-I872,1762
9-5768,1760
10-R1013,1759
10-Z944,1755
9-30590,1752
10-M542,1752
10-Z79899,1751
10-R21,1748
9-5680,1748
9-6827,1740
10-I313,1736
10-G8918,1732
10-D6481,1728
9-0088,1727
9-7213,1726
9-04112,1724
9-340,1720
10-G4730,1716
9-57420,1716
10-E8352,1711
10-Z7682,1709
10-J9602,1708
10-R1312,1700
9-99674,1697
10-K5090,1696
9-7821,1688
9-72402,1688
9-E8786,1686
10-I69354,1683
10-Z931,1683
10-N182,1681
9-7100,1680
9-V1204,1678
9-70722,1674
10-M48061,1673
10-Z6835,1667
9-30520,1665
9-29570,1664
10-Z6833,1663
10-Z9119,1663
9-2189,1662
10-C7989,1652
10-F259,1652
9-2869,1648
10-F29,1647
9-7231,1646
10-I5030,1646
9-2536,1645
9-7843,1644
10-Z6831,1643
9-73313,1639
9-V4573,1637
9-725,1634
9-V1301,1632
10-Z6834,1630
9-79311,1630
10-G8194,1627
10-D709,1626
10-A0472,1615
10-L409,1610
10-I81,1610
9-V1271,1606
10-D6832,1605
10-C220,1603
10-I420,1603
9-43411,1599
10-T82868A,1599
10-E874,1598
9-V163,1596
9-36250,1596
10-Z6836,1593
10-K521,1592
10-Z8674,1592
10-Z96642,1591
10-Z3A38,1581
9-V4571,1576
10-Z953,1575
9-44020,1573
10-I080,1571
9-25062,1571
10-F410,1569
9-4659,1569
10-H9190,1568
10-D61810,1566
10-F1011,1562
10-Z6830,1560
9-1976,1559
9-2113,1556
9-30301,1554
9-59970,1548
9-44021,1548
9-5722,1547
9-V4983,1547
9-20300,1547
10-O700,1546
10-Z85850,1546
9-28749,1543
10-R8271,1543
10-C9000,1541
10-Q211,1537
9-V441,1535
10-C7800,1532
9-78057,1528
10-F418,1523
10-Z9861,1522
10-G8191,1521
10-B20,1520
9-53789,1515
10-E041,1512
9-2841,1511
10-G35,1510
9-29590,1504
10-E1022,1504
10-I5021,1503
10-R0602,1501
10-Z6837,1499
10-D473,1498
9-71596,1493
10-D472,1493
9-5939,1492
9-3694,1491
9-49392,1487
10-I248,1487
10-F1020,1484
10-Y836,1482
9-27542,1481
10-G3184,1480
9-V851,1479
10-F10229,1476
10-K922,1475
9-28850,1470
10-K5730,1469
9-V850,1468
9-0417,1467
10-R200,1458
9-19889,1454
10-M4800,1450
10-Z905,1449
9-51919,1445
10-I9589,1444
9-59654,1439
10-N319,1438
10-Z96643,1435
10-Z6838,1429
10-F1110,1427
9-71946,1427
10-I4581,1426
9-E9352,1421
10-E1169,1420
9-30550,1418
9-59971,1418
10-I25118,1417
10-A4151,1413
9-71945,1413
9-4263,1412
10-B965,1412
9-42781,1409
9-V427,1404
10-I4819,1404
9-30503,1400
10-I160,1399
10-E1065,1396
10-T814XXA,1395
9-43820,1394
9-42830,1394
9-30401,1393
10-G935,1393
10-R5383,1388
9-78829,1386
10-F603,1382
9-1629,1382
10-F1190,1377
10-K648,1376
10-J95851,1375
9-6823,1372
9-99749,1370
10-Z7952,1369
9-44023,1367
9-25001,1366
9-45341,1365
10-K660,1362
10-F1410,1360
9-9974,1357
9-27541,1356
10-K5190,1355
9-7851,1353
9-6929,1352
9-570,1351
10-Z6822,1349
10-I4820,1348
9-V4975,1348
9-25051,1346
10-R748,1344
9-78901,1342
10-C7801,1342
9-2440,1342
10-F1490,1339
10-A4189,1338
9-04185,1336
10-E162,1335
10-N200,1335
10-Z6823,1334
10-Z6820,1333
10-J159,1333
9-V442,1332
10-Y92410,1331
9-28981,1328
10-M353,1327
9-34831,1325
9-79431,1323
9-135,1323
9-4275,1323
9-7856,1322
10-J811,1320
10-J069,1318
10-J910,1318
10-Z6821,1308
9-7455,1307
10-O99344,1306
9-30183,1304
9-V463,1301
10-Z933,1294
10-I69398,1292
10-R519,1291
10-I69351,1290
10-I712,1287
9-7905,1287
10-I6523,1285
10-E10319,1284
9-7919,1281
10-Z932,1281
10-D259,1280
10-Z818,1278
10-D72819,1277
10-Z8542,1274
10-Z801,1274
9-78194,1274
9-30001,1273
10-Z87442,1272
9-3559,1265
10-Z6824,1264
10-B181,1264
10-Z6839,1263
9-27650,1263
10-J810,1261
10-R042,1258
10-N2581,1256
9-41189,1256
10-J45901,1255
10-W1839XA,1254
10-J440,1252
10-H548,1251
10-I5020,1251
9-3669,1251
10-I071,1250
10-Y92019,1250
9-2410,1249
10-I441,1241
9-5409,1239
10-E213,1239
10-K9189,1239
10-R2681,1235
9-49322,1235
10-R040,1234
10-N1330,1232
10-Z8572,1231
9-4142,1231
10-L299,1229
10-H3530,1229
10-O99214,1229
10-M5416,1228
9-4370,1227
9-42843,1225
10-F0150,1222
10-A047,1219
10-O34211,1216
9-25541,1214
9-07032,1214
10-B9562,1212
10-C7802,1211
10-K8590,1209
9-E9478,1205
10-E1143,1199
9-V4972,1194
9-V443,1193
10-Z833,1189
9-42831,1188
10-J9600,1187
9-64893,1185
10-E8809,1181
10-E2740,1178
9-25041,1176
9-42821,1174
10-M7989,1170
10-M6282,1166
9-41402,1162
10-I2582,1161
9-V180,1160
9-44024,1158
10-Y846,1158
9-7994,1156
10-J398,1155
9-5852,1155
10-L97519,1150
10-R310,1149
9-78551,1149
10-A084,1146
10-Z91128,1142
10-F17290,1142
9-4550,1141
9-33819,1141
10-C772,1137
9-07999,1137
10-Z9641,1135
10-Z8711,1134
10-O770,1129
9-1962,1128
9-3484,1126
9-58881,1125
9-1623,1122
9-78062,1122
10-M170,1122
9-25063,1121
9-30400,1121
9-23871,1120
10-T368X5A,1119
10-Z90710,1118
10-F339,1118
9-V1749,1117
10-W109XXA,1116
9-40310,1115
9-V1551,1112
9-78451,1111
10-Z95820,1111
10-I5031,1109
10-Z6829,1108
9-920,1108
10-L97529,1103
9-9982,1102
10-J1282,1102
9-1890,1101
9-72981,1101
10-C771,1099
9-4239,1099
10-I481,1097
10-Z45018,1096
10-K920,1096
10-Z3A37,1094
9-V1087,1093
9-3079,1093
9-57410,1091
9-4829,1085
9-56089,1084
10-M1711,1084
9-5772,1083
10-I890,1083
9-E8796,1082
9-95901,1082
10-Z6825,1082
10-Z8505,1081
10-Z9484,1079
10-B1910,1079
10-I639,1078
9-E8792,1077
10-E1152,1075
9-5711,1072
10-R350,1067
9-7243,1067
9-2819,1062
9-8730,1061
9-34290,1060
9-20410,1054
10-K5790,1053
9-1961,1053
9-E9308,1052
9-V1209,1051
10-C250,1050
10-S065X0A,1050
10-Y92129,1050
9-E8495,1049
10-R300,1048
9-7824,1045
10-R002,1045
9-V1042,1045
10-Z170,1043
10-K8020,1043
10-H538,1042
10-L270,1038
9-2853,1037
9-56722,1034
9-V8542,1032
9-71535,1031
10-K8689,1031
10-D84821,1030
9-99672,1030
10-R296,1028
10-F22,1028
10-Z6827,1027
10-B957,1026
10-Z95828,1026
10-Z85048,1023
9-4264,1023
10-M25511,1021
9-23875,1021
9-59080,1020
10-J918,1019
10-Z7401,1018
9-73730,1018
10-I493,1016
10-Z6828,1014
9-7830,1010
9-2883,1009
9-30300,1008
10-N141,1007
10-O480,1007
9-03842,1007
9-E8790,1006
9-72888,1005
10-F1910,1005
9-V1006,1004
10-J1289,1004
10-I083,1003
9-55321,1002
10-E806,1001
9-6202,1000
9-4430,999
10-Y842,998
10-N858,997
9-28803,994
9-25200,994
10-H269,993
10-K651,993
10-J309,992
10-Z6826,992
10-I341,990
9-7847,990
9-3558,989
10-I440,989
10-E854,988
10-C3490,984
10-M329,982
10-M25512,980
9-6989,980
10-O99284,978
10-C9110,976
9-V0382,974
10-S2241XA,973
9-99731,972
10-K7010,971
10-I96,971
10-I351,971
9-2867,970
9-V6441,968
10-D469,964
9-29281,962
9-452,961
9-64421,961
9-V161,960
10-M25551,958
10-E1040,957
10-I7300,953
9-7318,953
9-7810,953
10-N185,952
9-5780,952
10-J849,951
10-O721,951
10-E1043,951
9-4260,948
9-42842,948
9-4373,946
10-O9902,945
9-04119,945
9-8054,944
10-R630,944
9-29040,942
9-3331,941
9-1749,938
9-3441,938
10-R590,938
10-B964,938
9-2764,936
9-51189,935
9-5790,934
9-7906,933
10-K222,929
10-M25561,929
10-T361X5A,929
9-V4577,927
9-20500,924
10-L309,921
9-25042,920
9-7813,918
9-78903,917
10-S065X9A,916
9-V1552,916
10-R1011,915
9-5693,914
10-F332,912
10-N12,911
10-S2242XA,911
9-64841,910
10-J9622,910
9-87342,910
10-T8619,910
9-0416,910
10-K649,908
10-G894,907
9-7197,907
10-M1712,907
9-6262,906
9-51181,906
9-53390,904
9-7885,903
9-5921,902
10-T508X5A,902
9-V140,900
10-K7040,897
10-G620,897
10-B954,897
9-43330,894
10-K8309,892
10-Z808,892
9-53010,889
9-7921,889
10-C3411,887
10-D6489,887
10-E878,887
9-0549,885
9-43811,883
10-R159,881
9-25082,880
9-72887,880
9-9975,876
9-3314,875
9-99673,874
10-D573,873
10-T8131XA,873
9-34839,872
9-V4282,872
9-V5864,872
10-N136,872
9-85221,871
9-5778,871
9-8052,870
10-M25562,868
10-I9789,867
9-70719,866
10-E282,864
10-D801,864
9-1570,863
10-K209,863
9-57400,861
10-K259,860
9-4940,860
9-5121,859
10-K625,858
10-L89152,858
10-I161,857
10-K635,855
9-4779,854
10-M4806,853
10-G250,851
10-E10649,848
9-29650,846
10-S0101XA,845
9-57451,842
10-Z1624,842
10-C8339,842
10-R778,840
10-L7632,840
9-4404,839
10-Z98890,838
10-R402362,836
10-F429,836
9-99664,836
10-M25552,835
10-J9611,835
10-J9809,834
9-27401,834
10-K900,833
9-V440,832
10-G9349,832
10-Q231,830
10-E042,829
9-53019,827
9-78841,827
10-K830,825
9-64811,824
10-T501X5A,822
10-R180,822
9-79001,822
10-R579,821
9-5738,818
9-5184,816
10-D701,815
10-Z4502,814
9-V641,813
9-319,812
9-2411,812
10-R571,812
10-G9389,811
10-Z9079,810
10-D693,809
10-F1210,809
10-J479,808
10-M419,808
10-I5043,807
10-R202,807
9-E8120,807
9-2920,806
9-65811,806
10-H532,804
9-73679,804
10-N138,804
9-72252,804
9-V1541,803
10-C9200,803
10-I4821,803
9-4739,801
10-C259,799
10-R34,799
10-K429,799
10-N132,799
9-V620,798
9-25013,797
10-Z936,797
9-07030,796
10-E0500,796
10-E781,796
10-O134,795
10-R251,793
10-K3580,793
10-I330,790
10-R161,789
10-O411230,789
10-M48062,785
10-T82855A,784
9-2731,783
10-Z888,782
9-70705,781
10-E662,781
9-V8543,780
10-Z823,780
9-5303,779
9-78703,779
9-2825,778
10-Z89421,776
10-K652,775
10-Z89511,775
9-1991,774
10-N3281,771
9-2721,771
9-V1079,770
9-29633,770
10-J80,769
10-K5720,768
10-T8612,767
10-Y92002,766
10-Z930,765
9-60784,764
9-99931,764
10-G8220,762
10-R45850,762
9-1628,761
10-J302,761
9-41072,760
10-R5381,760
10-N281,757
9-261,757
9-514,756
10-O9952,754
9-78093,754
10-R1110,752
9-4359,751
10-E1010,750
10-R2689,748
9-56081,747
10-S0181XA,747
10-E869,747
9-73027,746
10-E8779,745
10-K767,745
10-C541,745
10-Z8719,744
10-L03113,744
10-J4520,743
10-O9989,739
9-430,737
9-42820,737
9-25053,736
10-Z9081,734
9-5531,734
9-25052,733
10-Z8543,732
10-D6851,732
9-5855,732
9-99832,732
10-T83511A,731
9-78904,731
9-53560,730
10-M5116,730
10-Z8589,728
10-K7011,727
10-R402142,727
10-W06XXXA,726
9-99659,724
9-4321,723
10-N3289,723
10-M7981,722
10-D320,722
10-L4050,721
9-E8791,721
9-4588,720
9-28731,720
9-99662,717
10-T80211A,716
9-V1007,716
9-33182,716
9-5185,714
10-Z8701,714
9-53190,713
9-70707,711
10-Y92018,710
10-K838,706
9-82021,706
10-I871,705
10-I469,704
10-J984,704
9-9100,704
9-2252,702
10-N529,702
9-3384,698
9-2630,697
9-4412,696
9-24290,695
9-29630,695
9-E9444,694
10-K5732,693
10-M1A9XX0,693
9-5570,693
9-V1009,692
9-25070,690
9-6824,690
9-59010,689
10-G928,688
10-M5430,687
10-C3412,686
10-E7849,686
10-Z8042,685
9-3003,685
10-Z89422,683
10-R400,682
10-C679,682
10-I6522,681
9-99682,681
10-I69320,680
10-Z3A41,680
10-C8338,680
10-E0590,679
10-I6521,678
9-24900,678
10-T426X5A,678
9-4571,677
10-N2889,676
10-L03114,675
10-B349,673
9-57450,673
9-V453,673
9-78652,673
10-M1611,672
10-D72828,670
10-Z89512,670
9-V4585,669
9-45342,668
10-C221,668
9-4210,667
9-8020,667
10-S066X9A,664
9-25043,664
9-7135,663
9-4556,663
9-3688,662
10-J329,661
10-J029,660
10-Z9111,660
9-7881,659
9-24200,658
10-I82412,658
10-M869,658
10-R414,658
10-Z8541,657
10-G4089,656
10-M5412,656
10-R4781,656
9-3962,656
10-R1031,654
10-D721,654
9-04186,654
10-K5731,654
9-8082,653
9-7211,652
10-G459,652
10-N289,651
10-I808,650
9-78559,650
10-Z980,650
10-I513,649
10-T447X5A,649
10-M479,649
10-K644,649
10-Y834,647
10-I672,646
10-I680,646
10-F250,645
9-462,645
9-64821,644
10-C7889,643
9-64881,643
10-K7689,641
9-V1043,641
10-A4101,641
10-T827XXA,641
10-D563,639
10-Z9151,638
10-O7589,637
10-F0281,635
9-0380,635
9-E915,635
9-71595,634
10-C20,634
10-I618,633
10-I4901,632
9-E8844,632
9-V452,632
9-V1253,632
9-65951,632
10-M3500,632
10-F1123,631
10-J8410,630
10-G40409,630
10-I2722,630
10-S0990XA,629
9-V1261,629
10-K254,628
9-03849,627
9-4401,626
10-H8110,624
10-I6529,624
9-30521,619
10-O9962,619
10-Z982,617
9-7102,615
9-36960,615
9-1987,615
10-J95811,615
9-34510,614
10-Z954,614
10-N10,614
10-L97429,613
9-7230,612
9-5368,612
10-I452,611
10-Z9282,611
9-51884,611
10-Z5329,610
10-W1789XA,610
9-04109,609
10-D688,609
9-E8783,609
9-5724,608
9-31400,606
10-K761,606
10-R440,606
9-2766,606
10-Y840,605
10-R441,604
9-1830,603
10-E063,603
9-4871,602
9-2949,602
10-M79605,602
10-K2980,601
9-38611,601
10-B009,600
10-K432,600
10-L89150,599
10-S022XXA,599
9-73007,599
9-2738,598
10-T865,598
10-D6861,597
9-44422,597
10-M1612,597
10-K754,597
9-4660,596
10-R609,596
9-34889,595
10-Y92008,594
10-R269,594
10-Y833,593
9-V1201,593
9-2874,593
10-T40605A,591
9-04102,591
9-51851,590
10-W108XXA,590
10-K91840,588
9-7244,588
10-T424X5A,587
9-3963,587
9-4400,587
9-V854,587
9-78459,584
10-S066X0A,584
9-56981,584
10-K8681,583
10-Z91138,582
10-J948,581
10-K317,581
9-E9479,580
9-64231,580
9-E9290,579
9-V1041,578
10-R61,578
10-K279,578
10-M47812,578
9-27739,578
9-2564,577
9-72190,577
10-M79604,575
10-K632,574
10-I700,574
10-D735,573
10-R402252,573
10-K269,572
10-R1032,572
10-C50912,572
10-Y92003,571
10-E11610,571
9-70724,571
9-5728,569
9-1625,569
10-Z902,569
9-2512,569
10-K810,568
10-D869,568
9-1963,568
9-79319,567
9-56212,567
9-6960,567
10-T3695XA,567
10-K769,566
10-R195,565
9-34540,564
10-M5450,564
10-I611,563
9-193,563
9-42611,563
9-3371,563
9-70723,562
10-I498,561
10-T502X5A,561
10-K750,560
9-45182,560
10-I82411,560
9-68110,560
10-I63412,559
9-29640,559
10-I5181,559
10-I97190,559
10-Z8614,559
10-I319,558
10-A4159,558
10-K5289,558
10-R5082,558
10-K862,557
10-G931,557
9-07044,557
9-56723,557
10-K56609,557
9-25081,556
9-66111,555
9-4561,555
9-3682,555
10-L97419,554
9-53540,554
10-R270,553
9-1579,553
10-F200,552
9-29689,552
10-K439,552
9-E9503,552
10-T82898A,551
9-8024,551
9-V0254,551
10-L89154,551
9-78907,551
10-R3129,549
10-N3090,549
10-I5042,549
9-9961,548
10-Z5331,548
10-E782,548
9-44381,547
10-K661,547
9-V0980,547
10-Z1621,546
10-D519,545
10-K8510,544
9-1978,544
9-V8535,543
10-K224,543
10-R413,541
10-I615,541
9-V1279,541
10-Z5309,539
10-I6340,539
10-A4181,539
9-70712,538
10-S270XXA,538
10-K264,537
9-7806,537
9-V170,537
9-70713,537
9-34550,535
10-F4321,535
9-80701,535
10-O1092,535
9-66612,534
10-T82858A,533
9-V252,533
9-5305,533
10-H9193,531
9-E9363,531
10-F1510,531
9-3481,531
9-70721,530
9-2971,530
10-R0781,529
9-V113,529
10-F4320,529
9-70720,528
9-42741,528
9-29530,528
9-V171,527
9-2866,527
9-28411,527
10-F602,526
9-5839,526
10-K029,525
10-D6859,525
10-K860,524
9-7464,524
9-1122,524
9-V4283,523
9-E8147,523
9-2181,523
9-9694,523
9-8600,522
9-55090,522
9-V8536,522
10-F0391,522
10-I314,521
10-F79,521
9-8670,521
9-V446,521
10-W19XXXD,520
9-4270,520
9-V8537,519
9-4299,518
10-C50911,518
9-2811,518
10-O26893,518
9-70725,518
10-R591,517
10-K8000,517
9-4552,517
10-Z79891,516
9-0539,516
10-T43595A,516
9-6256,515
10-M5136,515
10-I422,514
9-E9305,514
9-2384,514
9-E8881,514
9-6820,513
10-F1590,513
10-N131,513
9-1972,512
9-V4976,511
9-V8532,511
9-4592,510
10-R809,510
9-7078,510
10-T50995A,510
9-33183,509
10-L03311,509
10-M62838,508
10-Z3A36,507
9-7842,507
10-R011,506
10-Y92099,505
9-5579,504
10-S0081XA,504
10-R419,504
10-O321XX0,503
10-I25810,503
10-M4712,503
10-K31819,502
10-K581,502
9-78760,501
9-9972,501
9-V6406,501
10-E118,500
9-V8533,500
10-E1051,499
9-5733,499
9-V8539,499
10-K863,498
10-E1110,498
9-2572,498
9-E8700,498
9-59972,498
10-X58XXXD,498
9-E956,498
9-V642,497
10-O621,497
10-R7611,495
10-E1042,494
10-I82432,494
9-42613,493
10-C773,492
9-5932,492
9-03811,490
10-I2584,488
10-K8050,487
9-5550,487
9-51882,487
9-2713,487
10-E1021,487
10-Z6844,487
10-M21372,486
10-C770,486
9-44022,486
10-C3431,485
10-R262,485
10-H905,485
9-3379,485
10-B3781,484
10-C50919,484
10-M4316,484
10-E109,484
10-I2782,483
9-V552,482
9-1820,482
9-78951,480
9-8026,480
10-C801,480
9-3510,480
10-O09523,480
10-Z8571,479
9-56969,478
10-O4202,478
9-7866,477
9-2858,477
9-99649,476
9-E0008,475
9-7948,475
10-K4090,475
10-G43109,474
9-5750,474
10-K6289,474
9-4568,474
9-6146,473
10-N39498,473
10-K31811,473
9-65841,473
10-G510,473
9-E8888,471
10-Z432,471
9-27803,470
10-T8119XA,470
9-45381,469
9-7892,469
9-3540,469
10-I63411,469
9-99667,469
10-Z9483,468
9-27549,468
10-T8141XA,467
10-Z96659,467
10-N939,467
9-E8785,467
9-5695,467
10-C642,466
10-Z96649,466
9-7962,466
9-9092,465
9-5178,465
10-K580,464
10-E790,463
10-D89811,463
9-43883,462
9-V5883,462
10-B373,462
10-R490,462
10-T451X5S,462
9-53290,461
9-78722,461
10-M868X7,461
9-99883,461
10-Z8679,461
9-V168,460
9-V8534,460
10-C782,460
9-79551,460
9-85201,459
10-K5660,459
10-G809,459
10-O3413,459
10-I43,458
9-5934,456
10-Z811,456
9-1748,456
10-D65,455
10-R252,455
9-55320,454
9-V8538,454
9-30002,453
10-T8132XA,453
10-Z8507,453
9-25201,453
9-5779,452
10-Z8501,452
9-7801,452
9-36846,452
9-7854,451
9-64911,451
10-E210,450
9-70709,450
9-317,450
10-S0003XA,449
9-29284,449
10-K311,448
10-I421,448
10-A09,448
9-E8849,447
9-30563,447
10-J9690,445
9-53140,444
10-B951,443
10-I69392,443
10-C799,442
10-R945,442
10-J869,442
10-I82621,441
9-V5862,441
9-64403,441
9-65611,440
10-G40209,440
9-3071,439
9-73028,439
10-J111,438
9-E9394,438
10-K559,437
10-Y92039,437
10-J939,436
9-1121,436
10-Z8611,435
9-8028,435
10-G9529,435
9-E9359,434
9-35800,434
9-73342,434
10-C641,433
9-29411,433
9-3439,433
9-57142,432
9-7384,432
9-27900,432
9-V5331,432
9-E8810,432
9-E9293,432
9-V1351,431
9-86121,431
10-K9423,430
9-E9426,430
10-C9201,429
10-B3789,429
9-E9288,429
9-72889,429
9-30551,429
9-V5812,428
9-4242,428
9-65411,428
10-C569,428
10-M4854XA,427
10-I743,427
9-56881,427
9-V4576,426
10-M5126,426
9-5307,426
9-V1642,425
9-V4561,424
10-N920,424
9-7873,424
9-V1003,423
9-E9429,423
10-I2721,422
9-E9323,422
9-E9500,422
10-K210,421
10-R680,421
10-K828,421
9-41041,421
10-M8458XA,420
10-E663,419
10-G3183,419
9-64761,418
10-E038,418
10-T8143XA,418
10-K047,418
9-E9300,418
10-I953,417
9-99702,417
10-E83119,416
10-I609,416
9-7863,416
10-Z62810,416
10-G919,416
10-H547,416
9-99666,415
10-I771,415
10-S0219XA,415
9-9160,415
10-T464X5A,414
9-V148,413
10-S0083XA,413
10-K551,413
10-M47816,413
9-99813,413
9-99739,413
10-G500,412
9-V6285,412
9-5571,412
9-E9379,412
10-A6000,412
10-Z880,412
10-G253,411
9-42769,411
10-F1111,411
10-I2119,410
9-1551,410
10-Q613,409
9-3090,409
9-99685,409
9-8208,408
9-E8160,408
10-E273,408
9-78902,408
10-I6203,408
9-4553,408
9-72992,407
10-C778,407
9-11284,407
9-99762,407
9-9951,406
10-T383X6A,406
9-7220,406
10-D352,406
10-I69322,405
9-36900,405
10-G7000,405
10-I119,405
9-20501,405
10-W1809XA,405
10-Y828,404
10-I8511,404
10-Y92480,404
9-80502,404
10-M21371,403
9-E8784,403
9-73017,403
9-2441,402
9-E9600,402
10-M179,401
9-30561,401
9-566,401
9-65801,401
9-25083,401
10-M47892,400
9-45382,400
9-V8531,399
9-30593,399
9-30502,398
10-Y839,398
9-66311,398
10-I701,398
10-I724,397
9-4010,397
10-I483,397
9-78550,397
9-E8261,397
9-80702,397
10-Y835,397
9-53240,396
9-34580,396
10-C779,396
10-I82431,396
10-F1990,395
10-G40109,395
10-D751,395
10-T8089XA,395
9-52801,395
10-O9832,394
9-E0009,394
9-81342,394
9-78651,394
9-5793,394
9-V061,394
10-C775,394
10-K30,394
9-78729,394
9-2452,394
9-4465,393
10-D860,393
9-E9310,393
9-1541,393
9-7101,393
10-M86172,393
9-3453,392
9-1960,392
9-2111,391
10-R278,391
9-05410,391
9-E8799,391
10-E2749,391
10-G40802,391
10-C785,390
9-25012,390
10-M4856XA,390
10-N1832,390
9-71947,389
10-F1411,389
9-V860,389
10-L02211,388
9-1889,387
9-72885,387
10-N736,386
9-28959,386
9-4160,386
10-K631,386
10-K659,385
9-7336,385
10-T50905A,385
10-I2723,385
10-I6389,385
9-5720,385
9-7098,384
9-8080,384
10-M4807,384
9-7808,384
10-L298,382
9-2409,382
9-2769,382
10-I864,382
10-F840,382
9-65221,382
9-75312,381
9-36570,381
10-T783XXA,381
10-L89153,381
10-L271,380
9-V142,380
9-04189,380
10-T8649,380
9-68100,379
10-D251,379
10-Z90722,379
9-8248,378
10-Z9911,378
10-F1121,377
9-2182,377
9-9654,377
10-R29700,377
9-49300,376
10-K8012,376
10-K743,376
10-M86171,376
10-T465X5A,375
10-C3432,374
9-3363,374
9-4538,374
10-Z807,373
10-F4323,373
9-20190,373
10-K8010,372
10-B379,372
9-490,372
9-65651,372
10-F312,372
9-45620,372
9-99769,372
9-4233,372
9-4162,372
10-F323,371
9-2910,371
9-82300,371
9-51883,370
9-40491,370
10-K8051,370
10-R066,370
9-56983,369
9-5552,369
10-T360X5A,369
10-E10621,369
10-I361,368
9-6259,368
10-I728,368
10-C784,368
9-9070,368
9-E9393,367
9-37230,367
9-V1584,366
9-34680,366
9-V444,366
9-3017,366
9-9986,366
9-1123,366
9-262,366
9-V090,365
10-I77810,365
9-55221,365
9-E9504,365
10-K2090,365
10-J9692,364
9-4821,364
9-0785,364
10-C189,364
9-99932,364
10-N3941,364
10-O365930,364
9-73382,363
10-W01198A,363
9-7852,363
9-45340,362
10-G061,361
10-K6389,361
10-R140,361
10-A0471,361
9-99889,360
9-5716,360
10-R3915,359
10-Z1611,359
10-O9912,358
10-R1319,358
9-56949,358
10-L089,358
9-4379,357
9-V1089,356
9-4423,356
10-D45,356
10-I69391,356
10-I517,354
10-M19012,354
10-R1012,353
10-Z8041,353
9-V8530,353
10-R0689,352
10-I2694,351
10-E611,351
10-N1339,351
10-C7982,351
10-D702,350
10-F3181,350
9-5362,350
10-M79671,350
10-M79662,349
10-Z9013,349
9-25092,349
10-K56600,349
10-Z961,349
9-41011,349
10-Z934,348
10-K1231,348
9-4408,348
10-Z89411,348
10-I7101,348
10-I619,347
10-J15211,347
10-B029,346
10-K220,346
9-3490,346
10-T8579XA,346
9-2810,346
10-S72142A,345
9-53783,345
9-48242,344
10-M79661,344
9-0090,344
9-6959,344
9-30540,344
10-K869,344
9-9072,343
10-M19011,343
10-S72141A,341
9-4293,341
10-C8330,340
10-J9819,340
10-M3214,340
10-O7182,339
10-Z96611,339
10-K2210,339
9-42989,339
9-72293,339
10-J188,338
9-64681,338
10-O691XX0,338
10-Z856,338
10-Z8781,338
10-M940,338
9-5109,338
9-71106,338
10-R8281,337
9-1179,336
10-J101,336
10-E11622,336
10-I462,335
9-E9420,335
9-E9358,335
9-7224,335
10-G932,335
10-A4102,334
9-78630,333
10-W000XXA,333
9-30553,333
9-48241,333
9-V5332,333
9-6238,332
9-44031,331
10-R260,331
9-80703,329
9-V1002,329
10-S2243XA,329
10-O24420,329
9-3241,329
10-I259,328
10-L732,328
9-3019,328
10-M4626,328
10-B9681,327
9-64843,327
10-R402212,327
10-J9589,327
10-R1030,326
10-Y95,326
10-B9789,326
10-Z96612,326
10-N393,325
9-V4281,324
10-Y92000,323
9-V272,323
10-M791,323
10-T462X5A,323
10-W11XXXA,323
10-G8250,322
10-B372,322
9-E887,321
9-73710,321
9-05319,321
10-R102,321
10-Z9012,321
10-Z89412,321
10-Y92038,321
10-E441,321
10-Z5900,321
9-99688,321
10-D8689,321
10-I491,320
10-I352,320
9-47819,320
10-T45525A,320
9-E8496,320
10-K5521,319
9-07071,319
9-8056,319
9-43311,319
10-D252,319
10-K1230,319
9-V066,318
9-59651,318
10-E883,318
9-99669,317
10-Z91410,317
9-30750,317
10-T8149XA,316
10-H109,316
10-Z302,316
9-E9179,315
10-S32019A,315
9-E8842,315
10-M79672,314
10-G44209,314
9-53510,314
10-E291,314
10-T4275XA,313
9-5289,313
9-4471,313
9-E0299,313
10-Z8521,312
9-78831,312
9-78064,312
9-1561,311
10-I2109,311
9-V1021,311
10-N3000,311
9-7234,310
10-C169,310
9-27503,309
10-D136,309
10-M5117,308
9-87343,308
9-71696,308
10-M79602,308
9-78839,307
10-B3749,307
9-3099,307
10-R330,307
10-Z9011,307
10-M5489,306
10-S2232XA,306
10-I868,306
10-H5702,306
9-99831,306
10-M8448XA,305
10-N028,305
10-K7210,305
9-40311,305
10-J151,305
10-I82622,304
10-S300XXA,304
10-R6510,304
9-27952,303
10-I468,303
10-N809,303
10-K430,303
10-I6201,303
9-5370,303
10-K8520,303
9-6179,303
9-9331,302
9-64201,302
9-78821,301
10-Z538,301
9-52100,300
10-J8489,300
10-Y92199,300
9-65101,300
10-Z9689,300
9-20400,300
10-M7910,299
9-41511,299
9-72610,299
10-G911,298
10-D508,298
9-7910,298
9-V4971,298
10-D510,298
10-F609,298
10-O9089,298
10-R54,298
9-8910,297
9-4558,297
9-57511,297
10-W07XXXA,297
9-34600,297
9-03812,297
9-20050,296
10-I484,296
9-2270,296
10-N178,296
10-I82442,296
10-K226,296
9-52800,296
9-9130,295
10-T8611,295
10-K912,295
10-M160,295
10-C7972,294
9-11289,294
9-1975,294
9-2774,294
10-O9081,294
9-65441,294
10-I2729,293
10-K5792,293
9-1974,293
10-Z95811,293
10-I82611,293
9-5758,293
10-S2231XA,293
10-X58XXXS,292
10-Y908,292
9-51852,292
9-V8525,292
10-C561,292
10-J156,292
10-Z9115,291
10-E739,291
10-G43809,291
10-Z560,291
10-Q282,291
10-I708,290
9-V551,290
10-I723,290
10-F40240,290
10-F4322,290
10-R29702,290
9-85220,290
10-Z95818,290
9-V4361,290
9-3501,290
10-F509,289
10-Y939,289
10-M25569,289
9-E9317,289
9-1104,289
10-C9202,288
10-O24424,288
9-30420,288
9-1984,288
9-81000,288
10-F10231,288
9-1578,288
10-D122,287
10-D61811,287
10-J9612,287
9-43813,286
9-59689,286
9-20288,286
9-6953,286
9-30781,286
10-T8189XA,286
9-3576,285
10-L98499,285
10-R502,285
9-4387,285
9-5739,285
9-3332,284
10-R29701,284
10-L304,284
9-V1072,284
10-F1310,284
10-Z8547,284
10-E8881,284
10-B0229,284
10-I8500,284
10-Z881,283
9-51289,283
9-53782,283
9-66481,283
10-J383,283
9-64241,283
10-Z87898,283
10-L7622,282
10-Z806,282
10-Z903,282
10-I82C11,282
10-C7A8,282
9-42983,281
10-L7634,281
10-M6281,280
10-D7589,280
10-C160,280
10-M47896,279
9-29532,279
10-E279,279
9-56989,279
10-L719,279
9-E9689,278
9-E9309,278
10-T458X5A,278
9-E912,278
10-T41295A,278
10-T501X6A,277
10-O99354,277
10-T461X5A,277
9-71906,276
9-V0259,276
9-82101,276
9-53020,276
9-V451,276
9-82525,275
10-G834,275
10-C73,275
9-2273,275
9-0479,275
10-Z90411,275
9-79099,275
9-37430,274
9-V1641,274
10-I82612,274
9-34291,274
9-82009,274
9-E8493,274
9-30421,274
10-D7582,273
9-E9390,273
9-5997,273
10-Z85028,272
10-K315,272
9-8244,272
9-7818,272
9-3315,271
9-72271,271
10-M5417,271
10-Z09,271
10-C562,270
9-34400,270
10-Z77090,270
10-T39395A,270
10-O4103X0,269
10-Y92012,269
10-Z3A35,269
9-45821,269
9-72403,269
9-73319,269
10-M0600,269
9-65963,268
9-64801,268
10-K658,268
10-R9439,268
9-27802,267
10-C187,267
10-E230,267
10-Z227,267
9-V9103,267
10-J942,267
10-I70261,267
9-V151,267
10-T17990A,267
9-99661,267
9-V167,267
10-T8144XA,267
9-V5419,266
9-7080,266
9-V4973,266
10-L03032,266
9-74781,266
9-6110,266
10-E079,266
10-D89813,266
9-5551,266
9-V1004,266
9-5960,266
10-E804,265
9-41091,265
10-K2950,265
9-501,265
10-M459,265
10-L539,265
10-O368130,265
10-E11628,265
9-34292,265
9-1539,264
9-7530,264
9-7200,264
10-R402112,264
9-5300,264
10-Z431,263
10-S80212A,263
10-M1710,263
9-99678,263
9-1911,263
10-Z751,262
9-E8150,262
9-28984,262
10-M316,262
9-2535,262
10-Y042XXA,262
9-7944,261
9-9992,261
10-H53462,261
9-25072,261
10-K859,261
10-M25519,260
10-H5462,260
9-99679,260
9-20510,260
10-F10139,260
10-F0151,260
10-I70262,260
10-Z171,259
10-F09,259
10-K208,259
10-K0889,259
10-C711,259
10-K228,259
10-Z1629,258
9-7955,258
10-Z89612,258
9-1510,258
10-T8641,258
9-08881,258
10-Z89611,258
9-6988,257
10-N280,257
9-40291,257
10-S80211A,257
10-L89159,257
10-R1084,257
10-T85628A,256
9-7868,256
10-J3801,256
10-L97829,256
9-70710,256
10-Z960,256
10-B001,256
9-5651,255
9-79579,255
9-4464,255
10-D849,255
10-G912,255
9-56729,255
10-M4722,255
10-K5650,254
10-R351,254
10-L988,253
9-5959,253
9-475,253
10-D6869,253
10-S32029A,253
10-N1831,253
10-G621,252
10-R402363,252
10-K122,252
10-I82890,252
9-40301,252
10-Z516,252
10-I426,252
10-I4430,252
9-29634,252
10-J40,252
9-6208,251
9-29572,251
10-W228XXA,251
9-28489,251
10-R208,251
9-30928,251
10-J9383,251
9-7963,251
10-V4352XA,250
10-G939,250
9-43882,250
10-C182,250
10-G6289,250
9-6111,250
10-M4726,250
10-A4152,249
10-D703,249
10-G252,249
10-E1069,249
10-T82857A,249
10-N800,249
9-2839,249
9-7048,248
10-H5461,248
10-M349,248
9-E9413,248
9-E9270,248
10-I76,248
10-T383X5A,248
10-R944,247
10-I610,247
10-R601,247
10-B259,247
9-88100,246
10-C9002,246
10-C7949,246
9-V1047,246
10-N201,246
10-M25571,246
10-L03211,246
9-E0010,246
9-1173,246
9-49122,246
10-H4010X0,245
9-220,245
10-M62830,245
10-L97819,245
10-D550,245
9-2830,245
9-4549,244
10-L03031,244
10-N990,244
10-E1136,244
9-4251,244
10-Z8049,244
10-I213,244
10-C9100,244
10-K913,243
10-I82441,243
9-V065,243
9-78606,243
10-D839,243
10-Z3A34,243
9-V553,242
9-E8121,242
10-O4593,242
9-3009,242
10-C7971,242
10-O6014X0,242
10-J9610,241
10-H8109,241
10-A408,240
9-80704,240
10-K633,240
9-78001,240
9-29644,240
10-H53461,239
10-R4189,239
9-V643,239
10-I638,238
10-G40901,238
10-S32592A,238
10-O1414,238
10-I6789,237
9-34541,237
10-E232,237
9-2631,237
9-36816,237
10-R0981,237
9-4555,236
10-F23,236
10-I776,236
10-K2971,236
9-28246,236
9-38612,236
10-F1099,236
10-E271,235
9-V602,235
9-8246,235
10-T370X5A,235
9-E8843,235
10-I77819,235
9-V4611,235
10-E512,235
10-Z602,234
9-69589,234
9-8072,234
9-V071,234
10-F1420,233
9-2900,233
10-N139,233
9-V618,233
9-4476,233
10-R710,233
10-C159,233
10-R58,233
9-78863,233
10-L570,233
10-E049,233
10-L02415,232
10-N318,232
10-M009,232
9-71531,232
10-N938,232
10-R443,232
10-C19,232
9-V169,232
10-Z30430,232
10-S72002A,231
9-E9688,231
9-28249,231
9-6825,231
10-C7B8,231
10-M25572,231
9-64823,231
10-R7309,231
10-S301XXA,231
9-V8523,231
9-64251,231
10-I748,230
10-B258,230
9-44101,230
10-E099,230
10-T82524A,230
10-M351,230
10-M899,229
10-R29703,229
10-R402143,229
9-5225,229
10-I2693,229
9-60886,229
10-T82856A,228
10-I082,228
9-E9378,228
9-2864,228
9-V2651,227
10-H04129,227
9-20200,227
10-Z87310,227
9-6170,226
9-30470,226
10-J15212,226
9-29624,226
9-59381,226
10-O3421,225
9-E8494,225
10-C7911,225
10-O328XX0,225
9-78065,225
10-E1139,225
10-D123,225
10-K8301,225
10-T8142XA,224
10-Z2239,224
9-45385,224
10-Y658,224
10-R0682,224
10-F430,224
10-A411,224
9-E9208,224
9-29980,224
10-O9852,224
9-73309,224
9-7876,224
10-V892XXA,224
10-W050XXA,224
9-4259,223
10-G8321,223
10-Z6845,223
10-S27321A,223
9-65821,223
9-V166,223
9-4870,223
10-O6989X0,222
9-1101,222
10-D680,222
9-56982,222
9-V8524,222
9-V1085,222
10-E1100,221
10-M25462,221
10-F445,221
10-R238,221
10-Z7722,221
10-R0609,221
9-1968,221
10-J982,221
9-96501,221
10-J95821,220
9-53551,220
9-5691,220
9-5400,220
9-138,220
9-9349,220
10-Q2733,219
10-C9210,219
10-N838,219
9-48283,219
9-64822,219
10-G9589,219
10-Z85810,219
10-R9720,219
10-Y849,218
9-59969,218
10-R402242,218
10-K319,218
9-42518,218
9-30591,218
10-S01511A,218
10-M5410,218
10-M4804,218
9-61610,217
9-V560,217
10-N5089,217
9-E966,217
10-Z1619,216
10-N210,216
10-O114,216
10-M726,216
9-4422,216
10-S82142A,216
9-99709,216
10-T375X5A,216
10-J432,216
9-2469,215
9-40300,215
9-9999,215
9-5933,215
9-44489,215
9-38600,215
9-5401,215
10-F1911,215
9-56889,215
10-I519,214
9-72982,214
9-65911,214
10-F322,214
9-56985,214
9-58089,214
9-1888,214
10-C649,214
9-6271,214
10-N739,214
10-D120,214
9-5130,214
10-R7982,213
10-R0989,213
9-66101,213
10-S32591A,213
9-9953,213
9-8470,213
9-81201,213
9-2777,212
9-3129,212
9-81209,212
10-S01112A,212
10-K5710,212
10-J95812,212
9-2781,211
9-49120,211
9-71943,211
9-4786,211
9-1966,211
9-70704,211
9-2330,211
9-45989,211
10-G992,211
10-C781,211
9-64892,211
10-M19041,211
10-R059,211
10-L02416,211
10-M25461,211
9-5679,210
10-E8889,210
9-30570,210
10-Q600,210
10-K759,210
9-87363,210
10-L259,210
10-J3489,210
9-2448,209
9-22804,209
9-33811,209
9-9693,209
10-N83201,209
10-N62,208
10-R29704,208
10-S272XXA,208
9-38910,208
9-73008,208
10-T17890A,208
10-K8031,208
10-N321,208
9-80709,208
10-H04123,208
10-L03011,208
10-T8182XA,208
10-K9186,207
10-I70245,207
10-C712,207
10-T8111XA,207
9-30471,207
9-65661,207
10-E278,207
9-5373,207
9-53642,207
10-B353,207
10-I70202,206
10-K435,206
10-Z85818,206
9-3159,206
9-5730,206
10-I824Z2,206
10-I70235,206
9-75310,206
9-E8794,206
10-T85590A,205
10-I5084,205
10-N135,205
10-M19042,205
10-C7970,205
9-5168,205
10-T424X2A,205
9-28989,205
10-L89151,205
10-S72001A,205
9-30011,205
10-M79606,205
9-80101,205
9-3549,204
10-J36,204
9-42682,204
10-T81718A,204
10-L97929,204
10-S2220XA,204
9-78096,203
10-I499,203
10-K2960,203
9-4258,203
10-Z372,203
9-5650,203
9-79093,203
10-C251,203
9-30029,203
10-F819,202
9-V1044,202
10-F064,202
10-M2550,202
10-K8080,202
9-3968,202
10-D6862,202
10-G9782,202
10-J42,202
9-64121,202
9-71591,201
9-5566,201
9-99851,201
9-19882,201
10-Z9889,201
9-V0991,201
10-G960,201
10-M86671,201
10-G909,201
9-7265,201
10-I97191,201
10-M879,201
10-F5001,201
9-80507,201
10-R946,201
10-S020XXA,200
10-K9171,200
10-Y731,200
10-I9751,200
10-I253,200
10-R5382,200
9-29574,200
9-78607,200
10-I7774,200
10-Z430,200
9-04184,200
9-45351,200
10-T796XXA,199
9-2559,199
10-Z85841,199
9-92400,199
10-Z86000,199
10-Z433,199
9-2967,199
10-T82838A,199
10-I427,198
9-78442,198
10-Z809,198
9-1533,198
10-M868X8,198
10-S32039A,198
10-K8580,198
9-0419,198
9-6253,198
10-K623,198
9-96909,197
9-2740,197
9-29421,197
10-N320,197
9-V554,197
9-8250,196
10-F4312,196
9-E8532,196
10-M8088XA,196
9-7099,196
10-K420,195
9-71949,195
10-J310,195
9-5521,195
10-S22089A,195
10-S01111A,195
10-L219,195
9-E9299,195
10-G610,195
9-5880,195
10-Y738,195
10-M86672,195
10-J45990,195
10-R6884,195
9-42090,195
10-B958,195
9-37272,195
9-6821,195
9-75612,194
9-1125,194
9-V141,194
9-53089,194
10-Z89431,194
9-7310,194
10-O30043,194
10-F845,194
9-04110,194
9-5950,194
9-2822,193
10-T8484XA,193
9-V4588,193
10-K8070,193
10-N83202,193
10-K5000,193
9-30410,193
10-I70221,193
10-I8390,193
9-5272,193
9-9351,193
10-M25559,193
10-L989,192
9-79439,192
9-53530,192
9-9221,192
9-E9398,192
10-S0231XA,192
9-1981,192
9-29562,192
9-92410,192
9-4238,191
10-K5669,191
9-27400,191
10-Y92538,191
9-59960,191
9-3668,191
9-5602,191
9-2532,191
10-V475XXA,191
10-C3491,191
10-Z3A33,191
9-E882,191
10-Z9481,191
9-5110,191
10-Z1501,191
10-L0231,190
9-64931,190
10-D75839,190
9-39890,190
10-Z91041,190
10-D72810,190
9-4255,190
10-I25710,190
9-3575,190
9-E9298,190
10-J986,190
9-25003,190
10-C792,190
10-C8590,190
10-D3502,190
9-30403,190
10-T8351XA,189
10-R12,189
9-9054,189
10-S3210XA,189
9-72705,189
10-O99343,189
9-1971,189
10-Y844,189
10-T886XXA,189
10-H5500,189
10-Z8544,189
10-F70,188
9-38830,188
9-V6549,188
9-34591,188
10-T82897A,187
9-5799,187
10-I82413,187
9-99642,187
10-K611,187
10-Z906,187
10-I614,187
9-56200,187
9-E030,187
10-F1421,186
9-45184,186
10-G9741,186
10-G7281,186
10-K2100,186
10-T402X1A,186
9-99601,186
10-F333,186
10-B351,186
9-481,186
9-20210,186
10-R17,186
9-45384,186
10-T8453XA,185
9-71589,185
10-G901,185
10-A6920,185
9-1509,185
9-4619,185
10-O4292,185
10-R072,185
10-Z89432,185
10-K9413,185
9-V1259,185
9-3330,185
10-L821,185
9-58281,184
9-8604,184
9-70583,184
9-82022,184
10-F341,184
9-56984,184
10-K602,184
10-O9942,184
10-K7681,184
9-4941,184
9-92401,184
10-E02,184
9-E8708,184
9-57490,183
9-8220,183
9-37515,183
9-56731,183
10-L500,183
10-I70222,183
9-7226,183
10-K2211,183
9-45386,183
9-5128,183
9-3829,183
10-C539,183
10-T8183XA,183
10-K5010,183
9-E8122,183
10-C240,183
10-F5000,182
9-57491,182
10-K50012,182
10-K82A1,182
10-R220,182
9-29623,182
9-3489,182
10-R4020,182
9-5941,182
10-L03012,182
9-E9348,182
10-K6812,182
9-30522,182
10-N760,181
10-I70201,181
10-C252,181
10-H5347,181
9-5710,181
10-C774,181
9-27906,181
10-R062,181
9-20283,181
10-Z1623,181
10-I97638,181
9-65921,181
10-D125,181
10-J988,181
9-0388,181
10-Z8579,181
9-78492,181
10-R402352,181
10-T17590A,180
10-T450X5A,180
10-R0603,180
9-V550,180
10-Z8051,180
10-R4789,180
10-I2542,180
9-56942,180
10-I998,180
9-V1649,180
9-33385,180
9-80705,179
9-V8544,179
10-R52,179
10-Q612,179
9-V8521,179
10-M5030,179
10-O99892,179
9-7248,179
10-K9419,179
9-27950,178
10-J208,178
10-R6883,178
10-N181,178
10-I50810,178
10-I67848,178
9-E9319,178
10-O1404,178
9-42511,178
9-5379,178
9-03843,178
10-J384,178
10-I5189,178
9-73018,178
10-H9319,178
10-K3533,178
9-V5489,178
10-A4150,178
10-D1803,178
9-37854,178
10-Z8774,178
9-7517,178
10-Z87311,177
9-37941,177
9-1622,177
10-Z9010,177
9-42652,177
10-I050,177
10-M4624,177
9-V1241,177
10-G971,177
10-F458,177
10-I1310,177
10-T8454XA,177
9-20502,176
10-L97919,176
10-T8781,176
10-K7110,176
9-53490,176
9-65571,176
10-M9701XA,176
9-V4575,176
9-44421,176
10-O26892,176
10-M96840,175
10-K5641,175
9-1969,175
10-S0232XA,175
10-T826XXA,175
10-I2692,175
10-G2401,175
9-V8812,174
9-4785,174
9-2180,174
10-H539,174
9-29534,174
9-3482,174
10-K91870,174
9-72633,174
10-J392,174
10-K562,174
9-V145,174
10-Z85831,174
10-R9389,174
10-O42013,174
10-O1415,173
10-O133,173
10-D75A,173
9-99881,173
9-6149,173
9-8404,173
9-42612,173
10-K436,173
9-64663,173
9-7092,172
10-J704,172
9-65261,172
10-I7102,172
10-C155,172
9-64813,172
10-I70212,172
10-S82141A,172
10-I9788,172
10-A6009,172
10-R402253,172
10-D619,172
10-Z8661,172
10-K565,172
10-O403XX0,172
9-3594,172
10-L89156,171
10-T466X5A,171
10-C8599,171
10-Q7960,171
10-R0982,171
9-65681,171
9-41412,171
10-O3663X0,171
9-92411,171
9-25090,171
9-8820,171
9-E9361,171
10-I309,171
10-I97618,171
10-S0240DA,171
9-85301,170
9-99604,170
10-K811,170
9-81344,170
9-47831,170
10-K56699,170
10-Y92122,170
9-V6142,170
10-X838XXA,170
10-L97329,170
10-I69954,169
9-6869,169
9-23879,169
10-E1310,169
10-O34219,169
10-Y92013,169
10-J13,169
9-8242,168
9-30392,168
9-1982,168
9-7845,168
9-E9424,168
9-43320,168
10-M25531,168
10-K668,167
10-N99820,167
9-29041,167
10-T83518A,167
10-T68XXXA,167
10-J150,167
10-Z28310,167
10-J9503,167
9-78905,167
10-Z8052,167
9-80501,167
9-1912,166
10-O2662,166
10-L739,166
10-D682,166
10-S025XXA,166
10-H02402,166
9-7931,166
10-W182XXA,166
9-03819,166
10-D5700,166
10-O99334,166
9-99639,166
10-K740,166
9-1536,166
9-28262,166
10-B369,166
9-87344,166
9-V8522,166
10-Y040XXA,165
10-T473X6A,165
9-29189,165
9-88102,165
10-G8324,165
10-K55059,165
9-80708,165
10-K700,165
10-M25532,165
10-T426X6A,165
10-T45516A,165
10-Z91120,164
10-T85898A,164
9-73399,164
10-T8613,164
9-64683,164
10-L02414,164
10-C23,164
10-S271XXA,164
10-M5431,164
10-Q796,164
9-V4984,164
9-1103,164
10-Z1639,163
10-H9192,163
9-1713,163
9-56489,163
9-7871,163
9-99989,163
10-I745,163
10-M4646,163
10-R402412,163
10-S51812A,163
10-N2589,163
10-L120,163
10-M79601,162
10-R6881,162
9-5259,162
10-N9989,162
10-I824Z1,162
10-H81399,162
9-99593,162
9-5690,162
10-K5520,162
10-I209,162
10-K2920,162
10-C8333,162
10-M7918,162
9-2733,162
10-I7771,162
10-O99213,162
9-2939,162
10-M5432,162
9-38010,162
10-X781XXA,162
9-80506,162
10-K719,161
10-Z3A32,161
10-F1390,161
10-E8359,161
10-R931,161
10-I774,161
9-V652,161
10-G460,161
9-3568,161
10-D594,161
10-M5481,161
10-M792,161
10-Z5901,160
9-4131,160
9-4536,160
9-4820,160
10-F459,160
10-J386,160
9-56941,160
10-L03313,160
9-1508,160
10-F1220,160
9-66421,160
9-85226,159
10-T391X2A,159
10-Z9682,159
10-Y92098,159
10-D569,159
9-78639,159
9-E916,159
10-I898,159
10-I2690,159
9-9663,159
10-A0811,159
10-F061,159
10-I82C12,159
10-O99013,159
9-36510,159
10-S82851A,159
9-V0261,159
10-Z8379,158
10-F640,158
10-T380X5S,158
10-O326XX0,158
10-Z5112,158
9-53541,158
10-H5440,158
10-T500X5A,158
10-K868,158
10-R008,158
9-4919,158
10-Y792,158
9-71598,157
9-81002,157
10-B9629,157
10-F14129,157
9-65103,157
9-43819,157
9-80126,157
9-5989,157
10-O358XX0,157
10-R4181,157
10-K621,157
10-W0110XA,157
9-9916,157
10-L709,157
10-Z7951,157
10-X788XXA,156
9-6084,156
10-J470,156
10-D591,156
10-B948,156
10-D708,156
9-1363,156
10-D7581,156
9-8830,156
10-T18128A,156
9-59389,156
9-20972,156
10-L308,156
9-51909,155
9-1534,155
10-I82220,155
10-K289,155
10-T424X1A,155
10-E032,155
10-E8341,155
10-A0839,155
10-K626,155
9-6184,155
10-O610,155
9-7292,155
9-42841,155
10-C180,155
9-6171,155
9-85011,155
10-L02413,155
9-39891,155
10-M818,155
10-B356,154
9-4279,154
9-5224,154
9-2271,154
10-T794XXA,154
10-B49,154
10-T8789,154
9-V653,154
10-R0489,154
10-T8140XA,153
10-R402132,153
9-9341,153
10-R3121,153
10-Y713,153
9-587,153
10-G600,153
9-2381,153
10-L88,153
9-2555,153
9-78469,152
9-3102,152
9-V1001,152
10-S32049A,152
9-81200,152
10-D6852,152
10-I69328,152
9-3542,152
9-99676,152
10-Z882,152
9-2112,152
9-53011,152
9-9190,151
10-Z8241,151
10-T404X5A,151
9-41092,151
10-N202,151
10-G8921,151
10-R070,151
10-Z148,151
10-K9589,151
9-V1508,151
9-44481,151
10-S7012XA,150
10-E10610,150
9-4590,150
10-K56690,150
10-I6200,150
9-04101,150
10-M9702XA,150
9-42091,150
9-3480,150
10-T378X5A,150
10-Y906,150
9-E9063,150
9-7580,150
10-G4440,150
10-T8744,149
9-V4962,149
10-T8743,149
10-T85520A,149
10-S7011XA,149
10-Y718,149
9-3570,149
9-44029,149
9-78843,149
10-Z03818,149
10-T39315A,149
10-T401X1A,149
10-I82B11,149
10-Z947,149
10-Y92231,149
10-R29706,148
10-H9191,148
10-T428X5A,148
10-C719,148
10-N433,148
10-N823,148
10-Z841,148
9-36813,148
9-34511,148
9-E9330,148
10-C342,148
10-R160,148
10-D599,148
9-5968,148
10-O722,148
10-T85528A,147
10-S12600A,147
9-85206,147
9-64203,147
10-Q059,147
9-30021,147
9-1105,147
9-51902,147
9-8505,147
10-R29705,147
10-C8318,147
9-4169,147
9-64303,147
9-80121,147
9-85200,147
10-Q909,147
10-K627,147
9-61801,147
10-L02611,146
9-1519,146
9-5699,146
10-R631,146
10-I5A,146
10-Z859,146
9-69010,146
10-K819,146
10-R221,146
10-S0240CA,146
10-I608,146
9-64894,146
10-I70209,146
9-3361,145
10-G540,145
10-I201,145
9-88101,145
9-85202,145
10-K8030,145
10-G479,145
10-B377,145
10-K8591,145
9-V4574,145
9-E8801,145
10-L0211,145
10-K1120,145
10-Y92007,145
9-37950,145
9-0340,145
9-1965,145
9-4389,144
10-T801XXA,144
10-C8331,144
10-L97229,144
10-K353,144
10-R930,144
9-20020,144
9-9584,144
10-F309,144
9-61172,144
10-S8002XA,144
10-T797XXA,144
9-E9443,144
9-3699,144
10-C3492,144
9-71105,144
10-I2111,143
10-E0520,143
10-M5440,143
10-Y841,143
10-G47419,143
10-M159,143
10-M4628,143
9-27788,143
9-30562,143
9-6019,143
9-5568,143
10-H02401,143
10-Z885,143
10-Z9862,143
9-4532,143
10-F068,143
10-R935,142
10-Z85830,142
9-30751,142
10-R209,142
9-75683,142
10-D7210,142
10-Z22322,142
10-G319,142
9-81100,142
9-6173,142
10-T83022A,142
9-20302,142
10-M79651,142
10-M1120,142
10-T504X5A,142
10-L97319,142
10-I70203,142
10-I456,142
10-Z8509,142
10-E221,142
10-D250,141
9-73314,141
10-O99342,141
9-E8502,141
10-E65,141
10-E0965,141
10-H903,141
10-W5501XA,141
9-25071,141
9-84503,141
10-L02612,141
9-96509,141
10-Z3A31,141
10-F202,141
10-Y712,140
9-4329,140
9-075,140
9-7835,140
9-34551,140
9-73015,140
9-56039,140
10-M8008XA,140
10-I820,140
9-4380,140
10-E0580,140
9-1980,140
9-7061,140
9-E8846,140
10-M6008,139
10-L03213,139
10-I70213,139
9-81221,139
10-Z9152,139
10-Y92488,139
10-N950,139
9-7222,139
9-6159,139
9-36202,139
9-71230,139
10-F11129,139
9-1540,139
10-V892XXS,139
9-5961,139
10-E7439,139
9-78340,139
10-M40209,139
9-4578,139
9-81301,139
9-V037,139
10-I511,139
10-J209,139
9-7533,138
10-B950,138
10-G720,138
9-5181,138
10-Y9239,138
10-D1809,138
10-N419,138
9-30523,138
9-60490,138
10-J84112,138
9-E8136,138
10-Y9301,138
10-S80812A,138
10-J181,138
10-F502,138
10-J860,138
9-9089,137
10-I82A11,137
10-O7581,137
10-L930,137
9-1729,137
10-F0781,137
10-I7092,137
9-E969,137
9-73349,137
9-9093,137
10-I38,137
9-55329,137
9-5821,137
9-6954,137
9-43822,137
9-2511,137
9-55010,137
10-T451X5D,137
9-58889,137
10-K598,137
9-6191,136
10-N39490,136
10-I70211,136
9-99686,136
10-D66,136
9-30285,136
9-33119,136
10-T463X5A,136
9-2750,136
10-T85848A,136
9-8821,136
10-Z3A30,136
9-82322,135
10-L509,135
10-T82867A,135
10-W01190A,135
10-K8071,135
10-J4540,135
9-20281,135
10-R3911,135
10-S82831A,135
10-M79652,135
10-J0190,135
9-64901,135
10-M059,135
10-E0781,135
9-64661,135
9-7260,135
10-K5080,135
10-B441,135
10-H5441,135
9-29212,135
9-58389,135
9-3689,135
10-D589,135
9-2558,135
10-S0240FA,134
10-I69311,134
10-D732,134
10-G3109,134
9-2114,134
9-V8545,134
9-V6409,134
10-S36892A,134
10-O09513,134
10-I7789,134
9-29900,134
10-L03221,134
9-9950,134
9-9222,134
10-S0512XA,134
10-R824,134
10-I97821,134
10-L0889,134
10-C7932,134
10-F331,134
10-D803,133
9-52809,133
9-3698,133
10-L97219,133
9-42761,133
9-73819,133
10-Z3A01,133
9-6039,133
9-49381,133
9-34931,133
9-44324,133
10-K5791,133
10-M546,133
9-59582,133
9-E9682,133
9-30431,133
10-C3401,133
9-75989,132
10-R4702,132
10-E892,132
10-K469,132
10-M5127,132
10-M960,132
9-34700,132
9-0383,132
9-3369,132
10-R6250,132
10-Y711,132
10-L89620,132
10-T43225A,132
10-O99513,132
9-4257,132
10-O660,131
9-20282,131
9-1744,131
10-Y9269,131
9-9962,131
9-1913,131
10-I82512,131
10-E1052,131
10-C241,131
10-I69198,131
9-78050,131
10-M79641,131
10-O43123,131
10-K225,131
10-S066X1A,131
10-Z792,130
9-5964,130
10-M2578,130
9-2732,130
10-G4489,130
9-9623,130
9-3940,130
10-F649,130
10-S12500A,130
9-E9800,130
9-2863,130
10-C8519,130
9-67202,130
9-4267,130
10-T405X1A,130
10-A310,129
9-7923,129
10-J0410,129
9-53649,129
10-E212,129
10-Y92091,129
10-J45998,129
10-C8190,129
9-5306,129
10-B488,129
9-6201,129
10-O99283,129
9-V2385,129
10-K121,129
9-5528,129
10-G588,129
9-E8500,129
9-27787,129
10-R532,129
10-Y92481,129
10-O623,129
10-G251,129
9-4474,129
9-7104,128
10-L89610,128
9-8911,128
10-S12100A,128
9-66381,128
10-S61512A,128
10-F4000,128
10-I69319,128
10-I63512,128
9-64803,128
10-I5082,128
9-44321,128
10-T465X6A,128
10-Z941,128
10-Y9389,128
10-L02512,128
10-D3501,127
10-K352,127
9-33821,127
10-C713,127
9-4289,127
10-G959,127
10-Z5321,127
9-9980,127
10-M1A9XX1,127
10-H5442,127
9-87341,127
10-S52502A,127
10-G903,127
10-C8589,127
9-V1242,127
10-M19071,127
9-3229,127
9-78603,126
9-4920,126
10-F3110,126
10-K851,126
9-6268,126
10-D270,126
9-E8504,126
9-2115,126
10-C7961,126
10-Z8669,126
10-I444,126
10-I501,126
10-M1991,126
9-86803,126
9-5951,126
9-44329,125
9-36210,125
10-E113299,125
10-N261,125
9-65423,125
10-F5104,125
9-27903,125
10-A401,125
10-K5100,125
9-V425,125
10-I742,125
10-I6349,125
10-I6381,124
9-56962,124
9-4846,124
10-M19072,124
10-K5651,124
9-2710,124
10-G930,124
10-C439,124
10-O8612,124
9-4378,124
10-I82422,124
9-V1651,124
10-S069X9A,124
10-S82852A,124
10-Z86011,124
9-43821,124
10-S8001XA,124
9-64973,123
10-Z1211,123
10-B179,123
9-E9064,123
10-E113599,123
10-I2102,123
10-H5509,123
10-M609,123
9-1560,123
9-65581,123
9-85222,123
10-I63511,123
10-K284,123
9-V1081,123
10-O99012,123
10-N492,123
9-34460,123
10-Z765,123
10-G9382,123
9-V556,123
10-C8510,123
10-W1811XA,123
9-4295,123
9-9348,123
9-44629,123
9-V4512,123
9-9181,122
9-2513,122
10-Z8612,122
10-S7001XA,122
9-9597,122
10-G360,122
9-1571,122
9-5819,122
10-A630,122
9-57512,122
10-S8012XA,122
9-1398,122
9-5848,121
9-85181,121
10-B955,121
10-M9711XA,121
9-2443,121
9-6828,121
9-V1504,121
10-S82832A,121
9-8240,121
10-R39198,121
10-L02511,121
9-V0262,121
9-3530,121
10-I2609,121
10-O99893,121
10-G609,121
9-30411,121
10-S22079A,121
10-J9509,121
9-72751,121
9-E9384,121
10-Z89429,121
10-Z598,121
10-O210,121
10-Z85819,121
9-6210,120
10-L538,120
10-N4889,120
10-L89899,120
10-L905,120
10-C55,120
10-S065X1A,120
9-40290,120
10-X789XXA,120
10-R7402,120
10-G1221,120
9-E8580,120
9-V222,120
10-K4030,120
10-D571,120
9-75169,119
9-42840,119
10-K120,119
9-7827,119
10-J14,119
9-4470,119
10-Y92512,119
9-28260,119
10-R938,119
10-Z832,119
9-70706,119
10-J158,119
10-Z1612,119
9-V1389,119
9-7089,119
9-87320,119
9-6181,119
10-I82452,119
10-Y92414,119
10-R8299,119
9-30423,119
9-73016,119
9-6945,119
10-K200,118
9-99809,118
9-28412,118
9-71942,118
10-I63432,118
9-3319,118
9-20040,118
10-K582,118
10-J4530,118
10-F4001,118
10-L659,118
9-E8543,118
9-E9356,118
10-V499XXA,118
10-N312,118
9-9212,118
9-82302,118
9-78071,117
10-I4589,117
9-8602,117
10-S22069A,117
9-7212,117
9-V624,117
9-33520,117
10-Z1622,117
10-R29708,117
9-33399,117
9-9110,117
10-T510X1A,117
10-L853,117
10-K1379,117
9-53082,117
10-J84116,117
10-F15129,117
10-E60,116
10-R358,116
9-9587,116
9-41512,116
10-L02214,116
10-Y09,116
9-71430,116
10-J328,116
10-S0121XA,116
9-72939,116
10-G6181,116
9-V5831,116
9-36840,116
10-O99512,116
10-Z89021,116
9-44102,116
9-80841,116
10-I82891,116
9-9248,116
9-56721,116
9-4149,116
10-F1920,116
9-63310,115
10-T85598A,115
10-K709,115
10-T43596A,115
9-E9422,115
10-R29818,115
10-C880,115
10-K7589,115
9-38870,115
10-G546,115
9-64883,115
9-72871,115
10-S7002XA,115
9-8832,115
9-80505,115
9-V1509,114
9-28240,114
9-650,114
10-Z421,114
10-R1909,114
9-84500,114
10-L400,114
10-F3160,114
9-92232,114
9-99830,114
9-64233,114
10-G9519,114
10-H8120,114
10-J471,114
10-F439,114
10-Z8489,114
9-7936,114
9-30924,114
10-V0310XA,114
9-61804,114
9-81305,114
10-B348,113
10-R1313,113
10-N250,113
10-S12400A,113
9-99644,113
10-T80212A,113
9-37991,113
10-S39012A,113
9-41001,113
10-M659,113
10-K117,113
9-43401,113
10-F901,113
9-V1741,113
10-I301,113
10-C3402,113
9-57510,113
10-R1900,113
10-Y92128,113
10-M75101,113
9-1919,113
10-Z043,113
10-F3189,113
10-Z45010,113
10-K3532,113
10-T83512A,113
10-E891,113
9-3518,113
9-7945,113
10-Z89022,113
9-66982,112
10-T39015A,112
9-66541,112
10-H540,112
10-T43215A,112
9-1562,112
10-J1008,112
10-I6502,112
10-Z86018,112
10-C9101,112
10-Z6741,112
10-N99840,112
10-J850,112
10-E83110,112
10-C9001,112
10-N898,112
10-S81812A,112
10-T1491XA,112
10-I7409,112
9-V072,112
10-N3010,112
10-M25522,111
10-I719,111
10-Z886,111
10-M1610,111
10-M8668,111
9-V8401,111
9-3898,111
9-99779,111
9-8900,111
9-4720,111
10-W2209XA,111
10-T8451XA,111
9-6918,111
10-I7779,111
10-S52501A,111
9-64913,111
10-F89,111
9-27949,111
10-S82841A,111
10-B368,111
9-226,111
10-L03314,111
10-Z3A29,111
9-8448,110
10-J851,110
10-I675,110
9-66041,110
10-I052,110
9-7841,110
9-7149,110
10-O2402,110
9-71691,110
10-I208,110
9-71940,110
9-71580,110
9-7062,110
10-D329,110
9-3536,110
10-I459,110
9-E9804,110
10-L89322,110
10-S134XXA,110
10-X501XXA,110
10-D124,110
9-5194,110
10-J1000,110
10-S80811A,109
10-D333,109
9-78899,109
10-K50913,109
10-K8521,109
10-D3500,109
9-7503,109
9-1809,109
10-Z8659,109
9-64271,109
10-Z3A28,109
10-U099,109
9-99665,109
10-L03317,109
10-L89312,109
9-E8583,109
9-E9383,109
10-L97528,109
10-B0089,108
10-X500XXA,108
10-O99613,108
10-E211,108
10-F17220,108
10-Z141,108
10-J4550,108
10-N8320,108
10-I679,108
9-70400,108
9-80706,108
10-O99345,108
9-99590,108
10-M341,108
9-2148,108
9-78199,108
10-I6501,108
9-41410,108
10-W208XXA,108
10-M4622,108
9-37851,108
9-1572,108
10-B966,108
10-L97518,108
10-Y92010,107
10-Z79890,107
10-K316,107
9-6089,107
10-Y793,107
9-9140,107
9-2860,107
10-E8801,107
10-S0001XA,107
10-S01512A,107
10-J9620,107
10-C184,107
9-V1091,107
9-42610,107
10-Y990,107
9-E8190,107
9-65281,107
9-67432,107
9-40493,107
10-C253,107
10-E161,107
10-O99285,107
9-1505,107
9-47874,107
9-78864,107
9-541,107
10-Z1509,107
10-G4731,107
10-H469,106
9-E9673,106
10-C7962,106
9-99939,106
9-E9421,106
10-T434X5A,106
10-I82B12,106
9-E9170,106
9-V632,106
10-C7A1,106
10-R760,106
9-2468,106
10-N946,106
9-41021,106
10-M4317,106
9-81601,106
9-72273,106
10-G8384,106
10-E561,106
9-65341,106
10-T426X2A,106
10-R682,106
10-J129,106
9-0382,106
10-S12110A,106
9-E9509,105
10-T8452XA,105
10-R402213,105
10-K561,105
9-463,105
10-O135,105
10-Z3A27,105
10-T8112XA,105
10-J020,105
9-449,105
10-O692XX0,105
10-K909,105
9-51631,105
9-5183,105
10-M272,105
9-3488,105
9-V146,105
9-V861,105
10-Z634,105
10-T43222A,105
10-R0681,105
10-N329,105
9-97081,105
9-E9060,104
10-G8928,104
10-N359,104
10-M8588,104
10-N323,104
9-30430,104
9-V714,104
9-2979,104
10-I200,104
10-I97820,104
10-O43193,104
9-5283,104
10-J155,104
9-72740,104
10-C8332,104
9-81341,104
9-33828,104
10-T8383XA,104
9-38610,104
9-V7281,104
10-G608,104
10-Z434,103
9-35781,103
10-G908,103
10-Y733,103
10-K8033,103
10-R312,103
10-I358,103
9-71101,103
10-S02119A,103
10-I25111,103
10-G40401,103
9-V1202,103
10-D271,103
10-M79642,103
9-1986,103
9-1624,103
10-K3182,103
10-W540XXA,103
10-O4703,103
9-4730,103
9-45350,103
10-R29707,103
10-H4922,103
10-F3130,103
10-L97521,103
9-7020,103
10-M941,102
10-J4551,102
9-22802,102
10-R635,102
9-35989,102
10-C946,102
10-R6889,102
10-C7919,102
10-R1314,102
10-F314,102
10-I82451,102
10-K5130,102
9-82123,102
9-28983,102
9-5851,102
9-4822,102
10-T85698A,102
9-22809,102
9-45389,102
10-S8011XA,102
10-J1100,102
10-K654,102
9-99602,102
10-O714,102
10-R530,102
10-K440,101
10-S7221XA,101
10-N35919,101
10-C8290,101
9-7011,101
10-S50312A,101
10-Z9183,101
10-Z820,101
10-M1380,101
9-4386,101
10-Y9259,101
9-72291,101
9-72886,101
9-E9278,101
10-I69998,101
10-C258,101
9-71534,101
10-Z90721,101
10-N840,101
10-S0240EA,101
10-S72012A,101
9-87340,101
10-M25521,101
10-T7840XA,101
10-I4811,101
9-V580,101
10-I612,101
9-71695,100
10-N151,100
10-O10913,100
9-6289,100
9-2521,100
10-N8110,100
10-M5106,100
10-I82511,100
10-R232,100
9-78930,100
9-E9392,100
10-E269,100
10-I82402,100
10-Z5902,100
10-R404,100
9-34489,100
10-M461,100
10-S061X9A,100
10-R599,100
10-I70244,100
10-I50812,99
9-67482,99
9-5935,99
9-2890,99
10-G249,99
10-A414,99
9-2808,99
10-M311,99
10-Y92531,99
9-3804,99
10-F5082,99
9-74190,99
9-55092,99
10-D490,99
9-6205,99
9-E9353,99
9-V5413,99
9-29699,99
10-G5600,99
10-K610,99
10-C170,99
9-4377,99
10-S32511A,99
9-6983,99
9-9210,99
9-78799,99
10-O99844,99
9-V1507,99
10-B942,99
10-E519,99
9-8831,98
9-71594,98
10-M9689,98
9-07051,98
10-B159,98
10-S060X9A,98
10-G8911,98
9-2651,98
9-1518,98
10-K381,98
10-S20219A,98
9-78721,98
10-Y92121,98
10-N3946,98
10-R7302,98
10-F1320,98
9-34200,98
10-T8469XA,98
9-78842,98
10-C9111,98
10-Z716,98
10-H543,98
9-V5041,98
9-52460,98
10-R3914,98
9-95892,98
9-E8162,98
10-N814,98
10-N3041,98
10-D75838,98
10-O620,98
10-L97511,98
10-O9963,98
9-96500,97
9-72973,97
9-E9315,97
9-92300,97
9-27951,97
10-O6003,97
10-T391X1A,97
9-6144,97
9-44389,97
10-J9801,97
10-N611,97
10-O26872,97
9-7018,97
10-H42,97
10-M898X9,97
9-8260,97
10-I455,97
10-R933,97
10-G08,96
9-5277,96
9-1707,96
9-7831,96
10-L7682,96
10-F13239,96
9-43331,96
10-M722,96
10-S61411A,96
10-I2781,96
9-4417,96
9-33720,96
9-605,96
10-S72011A,96
10-D72818,96
10-K2981,96
10-S7222XA,96
10-F5089,96
9-2116,96
9-67484,96
10-N3080,96
10-T43592A,96
10-I69154,96
9-20401,96
9-03840,96
10-Q245,96
10-S60511A,95
10-K9161,95
10-O99612,95
10-C228,95
10-N610,95
10-K9130,95
10-Q453,95
10-F42,95
10-G7001,95
10-B2700,95
9-29632,95
10-N9489,95
10-B91,95
10-M5001,95
10-O99212,95
10-Z975,95
9-V431,95
9-70901,95
10-T413X5A,95
9-70711,95
9-81611,95
10-G40919,95
10-I7103,95
10-T82330A,95
9-3577,95
9-3574,95
9-78838,95
9-75563,94
10-L89890,94
10-T83098A,94
9-7109,94
10-Z90410,94
9-8748,94
9-7093,94
10-I425,94
9-5439,94
10-N801,94
9-E8161,94
9-9800,94
9-3410,94
9-20070,94
10-D46Z,94
10-I50813,94
10-S82842A,94
10-L508,94
9-5374,94
9-99663,94
10-Z87828,93
10-Z813,93
9-82020,93
10-Z6711,93
9-20030,93
9-99631,93
10-F1520,93
10-T4145XA,93
10-I720,93
10-O4212,93
9-2728,93
10-T471X5A,93
10-G902,93
10-Y92149,93
9-86804,93
9-5581,93
10-V234XXA,93
9-78094,93
9-71699,93
10-K82A2,93
9-56032,93
10-Z5181,93
10-J0390,93
9-29600,93
10-F449,93
9-9630,93
9-6141,93
9-5282,93
10-I63431,93
9-47829,93
9-41031,93
10-F3289,93
10-J09X2,93
10-T39312A,93
10-C210,92
10-I69951,92
10-T17920A,92
10-K710,92
10-E236,92
9-V0981,92
9-30181,92
10-F251,92
9-67012,92
10-I6782,92
10-F19129,92
10-G9619,92
9-V625,92
10-F5002,92
10-G40509,92
10-F99,92
9-41404,92
10-C163,92
10-S32512A,92
10-B0230,92
10-R0601,92
9-64844,92
9-4599,92
10-I222,92
9-70219,92
10-O9943,92
10-I97630,92
10-I770,92
10-O99341,92
10-I6202,91
10-O26873,91
9-64861,91
10-T45615A,91
9-65953,91
9-9726,91
10-S61412A,91
10-S32059A,91
9-20080,91
10-S0511XA,91
9-96561,91
10-T391X5A,91
9-82521,91
10-S60512A,91
10-G454,91
10-K8042,91
9-44103,91
10-I249,91
10-M359,91
9-25073,91
9-25510,91
10-I5041,91
10-O2412,91
9-78939,91
10-H1132,91
10-D561,91
10-I63442,91
10-T443X5A,91
10-B59,91
10-I7389,91
9-56789,91
10-K91850,91
10-I82421,91
10-S50311A,91
10-C8310,91
9-9678,91
10-G4709,91
10-N952,91
10-G9520,90
9-55220,90
9-60789,90
10-F302,90
9-6260,90
9-72884,90
10-B999,90
10-I82492,90
10-S12300A,90
10-W312XXA,90
9-30022,90
9-3599,90
10-T859XXA,90
9-2550,90
10-C50411,90
10-D3A8,90
9-53440,90
10-M50022,90
9-V029,90
10-F10939,90
9-V2511,89
10-I716,89
9-20929,89
10-D802,89
10-T84020A,89
9-1918,89
9-82301,89
9-28809,89
10-J342,89
10-M5441,89
9-V1559,89
10-S069X0S,89
9-0091,89
10-S22059A,89
10-J951,89
9-99799,89
9-57471,89
9-34500,89
9-53021,89
10-S22019A,89
9-95909,89
9-48282,89
10-R1311,89
10-O360930,89
10-J701,89
9-81203,89
9-78833,89
10-R222,89
10-R5084,89
9-5713,89
9-3089,88
9-2903,88
9-3492,88
10-V134XXA,88
10-S32018A,88
10-O622,88
10-R258,88
10-K550,88
9-4809,88
9-4778,88
10-T84226A,88
9-2538,88
10-O1494,88
